Hash,From,To,Value,"Block Number",Timestamp,Gas,"Gas Price","Is Error","Receipt Status"
0x802b588eab5f3d165765fd6a8acac03a77c31e5537394b70112d445f74c491d9,0xdc6fa4262d8b3700a43ad20701042c0b26f20596,0x788873efb21a0743dce048a733d7dea756e12145,0.000100,17093511,"3 days ago",8000000,47302934395,0,1
0x8c24bff0cf92f605fe107ec56b25320d9a6022b00ee7d20907f5dc798cb7dbae,0xdc6fa4262d8b3700a43ad20701042c0b26f20596,0x788873efb21a0743dce048a733d7dea756e12145,0.000800,17093094,"3 days ago",8000000,47302934395,0,1
0xf5abc634b00bbc13515c0355d239bf2ca04aeef4f560eac83979b4a7672a8e5e,0xdc6fa4262d8b3700a43ad20701042c0b26f20596,0x788873efb21a0743dce048a733d7dea756e12145,0.001000,17071040,"3 days ago",8000000,1650000015,0,1
0x105b6bb495e383c2ee4d6fa718c2f344921f594c6666f4aaf1adc9f424443436,0xdc6fa4262d8b3700a43ad20701042c0b26f20596,0x788873efb21a0743dce048a733d7dea756e12145,0.001000,17054238,"4 days ago",8000000,26675000015,0,1
0x94fd08f723825c48e6eb6586337ecee521ebd45760a670b01ff9956d97e8acab,0xb48ab55abce2ff9d9070dbfb6a3186d0544c895b,0x788873efb21a0743dce048a733d7dea756e12145,0.001000,17048995,"4 days ago",8000000,51475960015,0,1
0x464fc70f8c86df69d9dff5072e7a16cd2df2e799b65fdbc4b8197b9c1e181752,0xb48ab55abce2ff9d9070dbfb6a3186d0544c895b,0x788873efb21a0743dce048a733d7dea756e12145,0.001000,17027404,"4 days ago",8000000,39616972646,0,1
0x19660b40c6a447d3678b64ddae6a26458d19db9529bacf3088ef37ebbfa1885a,0xb48ab55abce2ff9d9070dbfb6a3186d0544c895b,0x788873efb21a0743dce048a733d7dea756e12145,0.000500,17004512,"5 days ago",8000000,1500000015,0,1
0x2f0627929fcb459ac955c8d76afd78d360a0f0d15150c867ae96938b2e3fb44c,0xb48ab55abce2ff9d9070dbfb6a3186d0544c895b,0x788873efb21a0743dce048a733d7dea756e12145,0.001000,17003984,"5 days ago",8000000,1500000015,0,1
0x1042a0bbf45203f1afb7c86e622955585ff63b784523b48737cf3a5676641238,0xb48ab55abce2ff9d9070dbfb6a3186d0544c895b,0x788873efb21a0743dce048a733d7dea756e12145,0.001000,16985840,"5 days ago",8000000,1500000015,0,1
0xb3a747806754c6a8ac90af389afb15eacea70e3f2cad5c666b862b47263cae00,0xb48ab55abce2ff9d9070dbfb6a3186d0544c895b,0x788873efb21a0743dce048a733d7dea756e12145,0.001000,16980384,"5 days ago",8000000,1500000015,0,1
0x19648b0526fa2c01356135faaba6bf9484d8b41c05aea6cb1d4b59e965a80d75,0xb48ab55abce2ff9d9070dbfb6a3186d0544c895b,0x788873efb21a0743dce048a733d7dea756e12145,0.001000,16979680,"5 days ago",8000000,24250000015,0,1
0x8133dadb954cd647726d21f77ab0622b8ad5dbb7d5de64d8e27de977480c5e64,0xb48ab55abce2ff9d9070dbfb6a3186d0544c895b,0x788873efb21a0743dce048a733d7dea756e12145,0.001000,16979680,"5 days ago",8000000,52477000015,0,1
0x6c1d67a5d301de4ae394fd4bf5c988c4682a81eebc29d7094b0e8c0930b1c3f5,0xb48ab55abce2ff9d9070dbfb6a3186d0544c895b,0x788873efb21a0743dce048a733d7dea756e12145,0.001000,16979680,"5 days ago",8000000,1500000015,0,1
0x18617e2472c7bf000f741c614d759d39c9a81f8a6b6b81dd84708158df5f7de5,0xdc6fa4262d8b3700a43ad20701042c0b26f20596,0x788873efb21a0743dce048a733d7dea756e12145,0.000100,16978465,"5 days ago",8000000,84514733289,0,1
0xde6524d70b576ea6017b71423b4ef1371711d28259bc7a9ccade17f7969d5d76,0xdc6fa4262d8b3700a43ad20701042c0b26f20596,0x788873efb21a0743dce048a733d7dea756e12145,0.001000,16978434,"5 days ago",8000000,71751802117,0,1
0x3e9a0b4f69c57d357b159dc34c22e0db93ad86517d815a3228fb230a9b984944,0xdc6fa4262d8b3700a43ad20701042c0b26f20596,0x788873efb21a0743dce048a733d7dea756e12145,0.001000,16977838,"5 days ago",8000000,27427235015,0,1
0x4ac9e29e3c2e7f754743a5e5b8e0c40f79122a56e1b1a0f6515ee5fa4358a900,0x882bfbd47f165def68ec3d43b1a9b293b6a2a7e3,0x788873efb21a0743dce048a733d7dea756e12145,0.001000,16352433,"3 weeks ago",8000000,40830088750,0,1
0x8bf5f84e1abaacade7bf7203536cba20f9303b3353f5958c43a8d3fd62e464d1,0x8ff060c302eb3182ccebd69287f8b5d34acd6a4f,0x788873efb21a0743dce048a733d7dea756e12145,0.001000,16146496,"3 weeks ago",8000000,29100000015,0,1
0x4c3db1ce683d242514c810a87a6133807ca0a034bda2988a7be7b3c79f9ee6f4,0x8ff060c302eb3182ccebd69287f8b5d34acd6a4f,0x788873efb21a0743dce048a733d7dea756e12145,0.000200,15756475,"1 month ago",8000000,29100000000,0,1
0x56591b2ed953ca86de7d69f1d6e8bdd84e9466caedbc41153bfafb3359fabcc0,0x8ff060c302eb3182ccebd69287f8b5d34acd6a4f,0x788873efb21a0743dce048a733d7dea756e12145,0.001000,15660757,"1 month ago",8000000,38800000000,0,1
0x05ee2e9787f251027d6b1dc98b21692d4fd665dcd5da1c2dff7ddca3e761c079,0x8ff060c302eb3182ccebd69287f8b5d34acd6a4f,0x788873efb21a0743dce048a733d7dea756e12145,0.001500,15592463,"1 month ago",8000000,30676250000,0,1
0x4221daf6f8e2313f03f6bfec8c51b74c88d3062d70cd940e5869b3ac600df740,0x8ff060c302eb3182ccebd69287f8b5d34acd6a4f,0x788873efb21a0743dce048a733d7dea756e12145,0.002000,15592353,"1 month ago",8000000,28656190853,0,1
0xb6550b3b304a11ac19e4f421eac66e45dd9b026c9fd12625894bf2b865d9eaca,0xb48ab55abce2ff9d9070dbfb6a3186d0544c895b,0x788873efb21a0743dce048a733d7dea756e12145,0.001000,15033770,"1 month ago",8000000,30676250000,0,1
0xb52e136f84bd7664a52897f1aa4eff7fff129fe0fb3bc9af4d4900155df5b0d7,0xb48ab55abce2ff9d9070dbfb6a3186d0544c895b,0x788873efb21a0743dce048a733d7dea756e12145,0.001000,14912480,"1 month ago",8000000,73477500017,0,1
0x81e2de851442ef01423f93354c6c11c5adeb9790716860d8764891bcc52a6e2e,0xb48ab55abce2ff9d9070dbfb6a3186d0544c895b,0x788873efb21a0743dce048a733d7dea756e12145,0.001000,14912480,"1 month ago",8000000,1500000015,0,1
0x70884a9c2b86c71d3d2fa47f04bbbbf30d7a529e6cd9b188f37dbaa3727ec175,0xb48ab55abce2ff9d9070dbfb6a3186d0544c895b,0x788873efb21a0743dce048a733d7dea756e12145,0.001000,14901975,"1 month ago",8000000,90614804280,0,1
0xcb386671d7f385d72741a92fdf53b001058bd0d26b6ba3f969be226d6a3822f1,0xb48ab55abce2ff9d9070dbfb6a3186d0544c895b,0x788873efb21a0743dce048a733d7dea756e12145,0.001000,14861280,"1 month ago",8000000,38800000000,0,1
0x5119109e95a9b67fadb0022e344dae5731657ec7dbb3982aa7e160ae7ba42487,0xb48ab55abce2ff9d9070dbfb6a3186d0544c895b,0x788873efb21a0743dce048a733d7dea756e12145,0.001000,14861280,"1 month ago",8000000,1500000015,0,1
0x6a3d977ad3e9fdaa172f4e736b5448ff25def9b143952dfd7276d520e6e99e8a,0x16a1fd75f8e1dfe6e897726a020f51c493c9b00c,0x788873efb21a0743dce048a733d7dea756e12145,0.000100,14332250,"2 months ago",8000000,38800000000,0,1
0x27a37b3843c955321a0173d160bf52af13bd25cae8928f8f59c8c7ae80dcb9e0,0xb48ab55abce2ff9d9070dbfb6a3186d0544c895b,0x788873efb21a0743dce048a733d7dea756e12145,0.001000,14189328,"2 months ago",8000000,1650000015,0,1
0xbb882da296e883272c9ac959c8b2638498b22b349e1e49e95a18750cbce8d367,0xdc6fa4262d8b3700a43ad20701042c0b26f20596,0x788873efb21a0743dce048a733d7dea756e12145,0.010000,14184396,"2 months ago",8000000,30676250000,0,1
0xa41d5a43fd376068e48ca1b06937bc4fc6b3f14ed4e1c1c022d2aa9a88ee0838,0xb48ab55abce2ff9d9070dbfb6a3186d0544c895b,0x788873efb21a0743dce048a733d7dea756e12145,0.001000,14184191,"2 months ago",8000000,30070000044,0,1
0xf05b99f77d4de7eaeb5eefa231fa165f23cbbecfc0efd6822bea7e19481bcc41,0xb48ab55abce2ff9d9070dbfb6a3186d0544c895b,0x788873efb21a0743dce048a733d7dea756e12145,0.001000,14183699,"2 months ago",8000000,30676250000,0,1
0xca11cfd84d9ff95e6fd98bf0670cbd616e0285d4a31dee0fc6efc41645382d10,0xb48ab55abce2ff9d9070dbfb6a3186d0544c895b,0x788873efb21a0743dce048a733d7dea756e12145,0.010000,14183591,"2 months ago",8000000,30676250000,0,1
0xd81bdadfac0cdb1e55a4f753b25746fb532f5e4252da33965104ceb498b7e158,0xdc6fa4262d8b3700a43ad20701042c0b26f20596,0x788873efb21a0743dce048a733d7dea756e12145,0.000200,14182599,"2 months ago",8000000,29100000017,0,1
0xcee62eaa5ebbc2353b43b6251eac7dab3391d17b18a397c0831483bc91630a3f,0xdc6fa4262d8b3700a43ad20701042c0b26f20596,0x788873efb21a0743dce048a733d7dea756e12145,0.000100,14182578,"2 months ago",8000000,29100000017,0,1
0x347961c825f3dc04fc216817c84e18d755c1d18c7b3c51c5468edd89777e0bd2,0xdc6fa4262d8b3700a43ad20701042c0b26f20596,0x788873efb21a0743dce048a733d7dea756e12145,0.000100,14182425,"2 months ago",8000000,26675000015,0,1
0x84ee32105a898201b48feb9f527d1007f3ca8ec4518649608379afb367ba7b9e,0xb48ab55abce2ff9d9070dbfb6a3186d0544c895b,0x788873efb21a0743dce048a733d7dea756e12145,0.001000,13728533,"2 months ago",8000000,32536427787,0,1
0x7f35fbbf7972675426651da7c9a5ee80a17b89809bf2a36839aa2a6f2a7d707d,0xb48ab55abce2ff9d9070dbfb6a3186d0544c895b,0x788873efb21a0743dce048a733d7dea756e12145,0.001000,13728506,"2 months ago",8000000,33160985018,0,1
0x18ee12b2897fdcf3765cb791d73b8c37f091df198b71b9de07b091e4df13e1ab,0xb48ab55abce2ff9d9070dbfb6a3186d0544c895b,0x788873efb21a0743dce048a733d7dea756e12145,0.001000,13728506,"2 months ago",8000000,33160985018,0,1
0x47f6931044cfa566e7747044f183885225dfdd3f7b21604493c7eacb19bb96ff,0xb48ab55abce2ff9d9070dbfb6a3186d0544c895b,0x788873efb21a0743dce048a733d7dea756e12145,0.001000,13725232,"2 months ago",8000000,30676250000,0,1
0x7d7044419b59258ddff661d603681ba0e5cb9aeaff9e8649c2afc9775ee71ff5,0xb48ab55abce2ff9d9070dbfb6a3186d0544c895b,0x788873efb21a0743dce048a733d7dea756e12145,0.001000,13686760,"2 months ago",8000000,33389132686,0,1
0x3564d9b74cb2b47d0fce1b62f0f09925091369996c4bad8aa73f1cff47006105,0xb48ab55abce2ff9d9070dbfb6a3186d0544c895b,0x788873efb21a0743dce048a733d7dea756e12145,0.001000,13523147,"3 months ago",8000000,30070000014,0,1
0xa8dbf97010ad72da1219b50a8381284811f2ffb24d63964feaf574df4b63cb00,0xb48ab55abce2ff9d9070dbfb6a3186d0544c895b,0x788873efb21a0743dce048a733d7dea756e12145,0.001000,13523082,"3 months ago",8000000,28863283625,0,1
0x82961fc0154edcb3353689d9c35e111d25e2ba0316edd3ec27372711b266a852,0xb48ab55abce2ff9d9070dbfb6a3186d0544c895b,0x788873efb21a0743dce048a733d7dea756e12145,0.001000,13523056,"3 months ago",8000000,24250000015,0,1
0xab2d8e64cc91babd0a31fa29e2083eacab63646db17a107cadd22843ce22e8c7,0xb48ab55abce2ff9d9070dbfb6a3186d0544c895b,0x788873efb21a0743dce048a733d7dea756e12145,0.001000,13475817,"3 months ago",8000000,31027661815,0,1
0x5b7efff62ddf9dac99bccde3fb9b2fcc24866b8be3a3c9cebb7831f7d1d3a138,0xb48ab55abce2ff9d9070dbfb6a3186d0544c895b,0x788873efb21a0743dce048a733d7dea756e12145,0.001000,13353920,"3 months ago",8000000,1500000015,0,1
0x9e90e5103f5cd90219d9f6643c5e88d3b0729a890af659d101447ce75239ee70,0xb48ab55abce2ff9d9070dbfb6a3186d0544c895b,0x788873efb21a0743dce048a733d7dea756e12145,0.001000,13353469,"3 months ago",8000000,78570000015,0,1
0xcfb2854da4659ff65f8f886dd5a4fac2a952916f97a5bd8753aa70bbab5b2694,0xb48ab55abce2ff9d9070dbfb6a3186d0544c895b,0x788873efb21a0743dce048a733d7dea756e12145,0.001000,13353376,"3 months ago",8000000,30676250000,0,1
0x8d3f1c3920644e38ef5612ffabcc58c64b94922a25f696e0bf862d7ce5db517e,0xb48ab55abce2ff9d9070dbfb6a3186d0544c895b,0x788873efb21a0743dce048a733d7dea756e12145,0.001000,13352648,"3 months ago",8000000,30579250007,0,1
0x1d5d20994acec2229e3bb8ebb856129c0e77f77a4ca77c2667c5be1315c9ce1b,0xb48ab55abce2ff9d9070dbfb6a3186d0544c895b,0x788873efb21a0743dce048a733d7dea756e12145,0.001000,13351876,"3 months ago",8000000,29100000015,0,1
0x9048777b437ea7bb571bc6fee5e1b8db69779d94bf5879ddcf71ea7736f9abae,0xb48ab55abce2ff9d9070dbfb6a3186d0544c895b,0x788873efb21a0743dce048a733d7dea756e12145,0.001000,13350928,"3 months ago",8000000,1500000015,0,1
0x558b9176a2c762cbd9a8291a2b63af960d1fcccc67547ab2f5a3c9d68f716259,0xb48ab55abce2ff9d9070dbfb6a3186d0544c895b,0x788873efb21a0743dce048a733d7dea756e12145,0.001000,13324412,"3 months ago",8000000,29100000015,0,1
0x8adcff2549c93a11f43bb2a5af3b1a571815673f84ee84c8195a790beddb12c4,0xb48ab55abce2ff9d9070dbfb6a3186d0544c895b,0x788873efb21a0743dce048a733d7dea756e12145,0.001000,13324209,"3 months ago",8000000,141885887792,0,1
0xad6256f8ad5c8c0bad1593af5acf7657d2801f066e73af217b21eaffe9167ab1,0xb48ab55abce2ff9d9070dbfb6a3186d0544c895b,0x788873efb21a0743dce048a733d7dea756e12145,0.001000,13321711,"3 months ago",8000000,48500000000,0,1
0x9d3c633a3dea00fa21eb58ff17e866ddfd6285f9e5e6990c9c8ef5087f7b141c,0xb48ab55abce2ff9d9070dbfb6a3186d0544c895b,0x788873efb21a0743dce048a733d7dea756e12145,0.001000,13317429,"3 months ago",8000000,29100000000,0,1
0xfae3d2c3fca96cd21453df7b651395cf82890a29dbc64c59ade7bba011f556f1,0x8ff060c302eb3182ccebd69287f8b5d34acd6a4f,0x788873efb21a0743dce048a733d7dea756e12145,0.000500,13314296,"3 months ago",8000000,33624651395,0,1
0x15a1c387ca3a2e0a8943a230f4bc22d6d3c6f7966dcdf5262c8095bea6000fbf,0x8ff060c302eb3182ccebd69287f8b5d34acd6a4f,0x788873efb21a0743dce048a733d7dea756e12145,0.000500,13314240,"3 months ago",8000000,40967111527,0,1
0xd0f30d77f9fee0be4540f1a22091821b262f3b97cde6a0cade1c8ccf79d16b5d,0x323adf0c08b7052ca0c1617da6a0af40deab39af,0x788873efb21a0743dce048a733d7dea756e12145,0.000200,13285349,"3 months ago",8000000,30579303407,0,1
0x51d448dacd2984395852fbacbb708583585048e78723b01795d9afc192dec477,0x8ff060c302eb3182ccebd69287f8b5d34acd6a4f,0x788873efb21a0743dce048a733d7dea756e12145,0.000500,13275399,"3 months ago",8000000,37830000000,0,1
0x6f5a23ea434e8d49921eaa5723d434950eb7677de97741548ee018baf0a71b84,0x323adf0c08b7052ca0c1617da6a0af40deab39af,0x788873efb21a0743dce048a733d7dea756e12145,0.000500,13275293,"3 months ago",8000000,30070000015,0,1
0xbaf6e7e97c5b7b744ca1e646385d4547b3f8ff2fe87a072cd41829da751ec365,0x8ff060c302eb3182ccebd69287f8b5d34acd6a4f,0x788873efb21a0743dce048a733d7dea756e12145,0.000100,13238785,"3 months ago",8000000,33690807922,0,1
0x8a187882f014f226f93c88ce443a053008d54037e3a0066eacd523918788d2aa,0xb48ab55abce2ff9d9070dbfb6a3186d0544c895b,0x788873efb21a0743dce048a733d7dea756e12145,0.001000,13236866,"3 months ago",8000000,26871044872,0,1
0xd9fb428a26aa64785fb66ec3096691ba23e3d9c1e68bfbb3ccab278d36d4299c,0xb48ab55abce2ff9d9070dbfb6a3186d0544c895b,0x788873efb21a0743dce048a733d7dea756e12145,0.001000,13236741,"3 months ago",8000000,43650000015,0,1
0x8ec6f61a5bd9d964dcdf6a110418006844f32e6711ad850edcd75264e2ce9519,0x323adf0c08b7052ca0c1617da6a0af40deab39af,0x788873efb21a0743dce048a733d7dea756e12145,0.000500,13233106,"3 months ago",8000000,32136635325,0,1
0x43e0009e80748b93b2922e4e090edd067a595ef4fd88617c57ce21b51a84a00e,0xb48ab55abce2ff9d9070dbfb6a3186d0544c895b,0x788873efb21a0743dce048a733d7dea756e12145,0.001000,13200384,"3 months ago",8000000,53713720234,0,1
0x5dacedd6ccc2d56e3f5ff08eeb870b86e60abc5fc3ebc4349e36c1a4bf470a11,0xb48ab55abce2ff9d9070dbfb6a3186d0544c895b,0x788873efb21a0743dce048a733d7dea756e12145,0.001000,13200193,"3 months ago",8000000,61279876115,0,1
0xf5a26db3610dfe3321cea8cb470ed8f3c6d892555e20d57d26c87266ea4f102d,0xb48ab55abce2ff9d9070dbfb6a3186d0544c895b,0x788873efb21a0743dce048a733d7dea756e12145,0.001000,13048568,"3 months ago",8000000,1500000015,0,1
0x2775f3c5414381fd0074003c58ee854269242b4429d854d19d144ffb2e0cf3d9,0xb48ab55abce2ff9d9070dbfb6a3186d0544c895b,0x788873efb21a0743dce048a733d7dea756e12145,0.001000,13048313,"3 months ago",8000000,41399600001,0,1
0x246172a16de8aac9f2f56642a7edc63363a0a0a4e7acd22a1a1d6088fafe3fdf,0xb48ab55abce2ff9d9070dbfb6a3186d0544c895b,0x788873efb21a0743dce048a733d7dea756e12145,0.001000,12902480,"3 months ago",8000000,1500000015,0,1
0xe742d136ec8077e4e9d1d0fa94ce3d0d71dbd7a9a1c6aa4d226598ee943e4f47,0xb48ab55abce2ff9d9070dbfb6a3186d0544c895b,0x788873efb21a0743dce048a733d7dea756e12145,0.001000,12896198,"3 months ago",8000000,31040000000,0,1
0x54e42fa61fed93f95d06876ed08e0c8a909a71fe8cb53cbf92234e249c6dd2a4,0xb48ab55abce2ff9d9070dbfb6a3186d0544c895b,0x788873efb21a0743dce048a733d7dea756e12145,0.001000,12889422,"3 months ago",8000000,485000000015,0,1
0xec28cb7b4cde00c7ffbbbc2dcd7630e75b2f859dfd3a46b9f3bd805e57b9430e,0xb48ab55abce2ff9d9070dbfb6a3186d0544c895b,0x788873efb21a0743dce048a733d7dea756e12145,0.001000,12731444,"3 months ago",8000000,49082000000,0,1
0x0b3f362eb06e3f04e4c5094638a0da3d92ae42f8984dead42afcd8a0c94c89bb,0xb48ab55abce2ff9d9070dbfb6a3186d0544c895b,0x788873efb21a0743dce048a733d7dea756e12145,0.000200,12731393,"3 months ago",8000000,442646405015,0,1
0x509d23924f3d7597606781732def06849f392fe32bd5f277ce6ff6c1007796f9,0xdc6fa4262d8b3700a43ad20701042c0b26f20596,0x788873efb21a0743dce048a733d7dea756e12145,0.001000,12731239,"3 months ago",8000000,485000000015,0,1
0x983e25ec561e51be7d7a8bec158d6fb77f54869360fe2132e37c6bc2551b4937,0xdc6fa4262d8b3700a43ad20701042c0b26f20596,0x788873efb21a0743dce048a733d7dea756e12145,0.000200,12731147,"3 months ago",8000000,485000000015,0,1
0xf48da04f0247856488fcdffdb6b02c4ccdb15f0cb429cd86e0cea99d400ea603,0xdc6fa4262d8b3700a43ad20701042c0b26f20596,0x788873efb21a0743dce048a733d7dea756e12145,0.000200,12730859,"3 months ago",8000000,30676250000,0,1
0x8ff1e89128b773a75ce2d2a611118348fa5e0d152ea2fd680640c86ef97ff958,0xdc6fa4262d8b3700a43ad20701042c0b26f20596,0x788873efb21a0743dce048a733d7dea756e12145,0.000100,12730817,"3 months ago",8000000,33950000000,0,1
0xeccd119ddf0e607b286205a87d5c8a6fed4f88bb4bc1f677ab413516483e4d79,0xb48ab55abce2ff9d9070dbfb6a3186d0544c895b,0x788873efb21a0743dce048a733d7dea756e12145,0.100000,12730616,"3 months ago",8000000,94090000000,1,0
0x536a255516be3dce5a8e9fddc34dcdd9d28b6c4d00536d1fd1389b9815b1ff95,0xdc6fa4262d8b3700a43ad20701042c0b26f20596,0x788873efb21a0743dce048a733d7dea756e12145,0.000200,12685346,"3 months ago",8000000,29100000000,0,1
0x65740654c793e2dc538915164f75c91ce04e6a5fc41b4f8dcfddffbc1b6b261e,0xdc6fa4262d8b3700a43ad20701042c0b26f20596,0x788873efb21a0743dce048a733d7dea756e12145,0.000200,12680657,"3 months ago",8000000,45105000015,0,1
0x3ce70a07c9b2cabad9d8f22bd3530a3173ce4203fad9249b3deed38ac60a83b6,0xdc6fa4262d8b3700a43ad20701042c0b26f20596,0x788873efb21a0743dce048a733d7dea756e12145,0.000100,12680580,"3 months ago",8000000,33046946359,0,1
0x95f406c2ab9a1d6e1207ef78afad17d7ddd9e3c3b6468aa0eeaad233f0a1df42,0xdc6fa4262d8b3700a43ad20701042c0b26f20596,0x788873efb21a0743dce048a733d7dea756e12145,0.000100,12680498,"3 months ago",8000000,45105000015,0,1
0x4ed2ec3bfc8925e2a737442ff1b63268790dd19365610fd382fd8c4ef5b31f17,0xdc6fa4262d8b3700a43ad20701042c0b26f20596,0x788873efb21a0743dce048a733d7dea756e12145,0.000100,12680463,"3 months ago",8000000,45105000015,0,1
0x92e2347f95449df0c36c5c5eb6771886b8ef4741c036ba6c365b4cab799d7973,0x56584916ef0adeb401e291af33a8344e5dc199f5,0x788873efb21a0743dce048a733d7dea756e12145,0.001500,12303257,"4 months ago",8000000,48596030015,0,1
0x2f903575f830f661a98b6a8ddbfe3c64b2c5f12bf80b4c112c3c9f78f86b5e88,0xdc6fa4262d8b3700a43ad20701042c0b26f20596,0x788873efb21a0743dce048a733d7dea756e12145,0.000100,9929524,"5 months ago",8000000,48500000000,0,1
0x589e200296bd81ea1d636dd8fdd41ff3c9c91f17d04dc3b95684708e9bb4b8b7,0xdc6fa4262d8b3700a43ad20701042c0b26f20596,0x788873efb21a0743dce048a733d7dea756e12145,0.000100,9929289,"5 months ago",8000000,63180750224,0,1
0xc79877570e6a1995dc7cbe58b67871849ed62b07961b3c1430e30f276c45c0e3,0xdc6fa4262d8b3700a43ad20701042c0b26f20596,0x788873efb21a0743dce048a733d7dea756e12145,0.000100,9928576,"5 months ago",8000000,61062049631,0,1
0xfebee9eb831a61e9b9b3e934c80449a598b7122cf49070318369136c6affe52e,0xdc6fa4262d8b3700a43ad20701042c0b26f20596,0x788873efb21a0743dce048a733d7dea756e12145,0.000100,9927671,"5 months ago",8000000,59164215472,0,1
0x4a4d003b669a14fa373d0ccdeb6f325492a88c12feee65976786a016d5b9332b,0xdc6fa4262d8b3700a43ad20701042c0b26f20596,0x788873efb21a0743dce048a733d7dea756e12145,0.000100,9927632,"5 months ago",8000000,47719327578,0,1
0xd63e98dab5bddad461ab52a0867907030094987c6d683120b9a0ad8568d18f20,0xdc6fa4262d8b3700a43ad20701042c0b26f20596,0x788873efb21a0743dce048a733d7dea756e12145,0.000200,9920795,"5 months ago",8000000,43678430089,0,1
0xb20c5455ba91e03d5366d6d679d28549f609e9acd6658557d3ab1a52667fb596,0xdc6fa4262d8b3700a43ad20701042c0b26f20596,0x788873efb21a0743dce048a733d7dea756e12145,0.000200,9920659,"5 months ago",8000000,39304400000,0,1
0x46791caa7769223f192f2d6531d73bbd35803fa166e215e771f94beb42e41c45,0xdc6fa4262d8b3700a43ad20701042c0b26f20596,0x788873efb21a0743dce048a733d7dea756e12145,0.000400,9920637,"5 months ago",8000000,49651861624,0,1
0x2caef7e3cbec66d2c415d8678cd7d738483ba597162557f325dc51753184750a,0xdc6fa4262d8b3700a43ad20701042c0b26f20596,0x788873efb21a0743dce048a733d7dea756e12145,0.000100,9879172,"5 months ago",8000000,31791960008,0,1
0x8f245865abd3987b6004df916a2f488bc861622e3990f3384d6a6b12eb2c1f87,0xdc6fa4262d8b3700a43ad20701042c0b26f20596,0x788873efb21a0743dce048a733d7dea756e12145,0.000100,9879017,"5 months ago",8000000,32010000000,0,1
0x6668becba2effc96b1c1f7ba885107d3ee99aedf7109e5b5e7f608898fa06ee2,0x01e0e560e6bd3565dcc6e57ace56d698f9e51e9f,0x788873efb21a0743dce048a733d7dea756e12145,0.000000,9432224,"6 months ago",3000000,1500000015,1,0
0x41edf5da2aa7c63e984c1cbb5aef9a6e6b925dc68210df1ba8c1d0700bd0ccf5,0x01e0e560e6bd3565dcc6e57ace56d698f9e51e9f,0x788873efb21a0743dce048a733d7dea756e12145,0.000000,9432048,"6 months ago",3000000,1500000015,1,0
0xb070eb162744e3102b782bc208186900a19d1f037c3dc1c8e16eeccdd74e706b,0x01e0e560e6bd3565dcc6e57ace56d698f9e51e9f,0x788873efb21a0743dce048a733d7dea756e12145,0.000000,9431962,"6 months ago",3000000,29100000015,1,0
0xd041585a01fc3988730d61071a938b453af73af13a4193d3338b5df811e4fff1,0x3006c7ca7cb3262a3d89ffa1a0f8bb28f0e28800,0x788873efb21a0743dce048a733d7dea756e12145,0.001000,9351578,"6 months ago",8000000,30129952345,0,1
0xfccd799bc3196f7dbc574cb30bd6748992543cdd53fb302500a3aa5d6fe2c493,0x5ced9dddaa78e3108c90119c905c623084874a54,0x788873efb21a0743dce048a733d7dea756e12145,0.000010,8268268,"7 months ago",8000000,8730000015,0,1
0xc8d5c12cf8f5ddf570ef5989286da9694dbe58e5271aea0fa8e5c3f82e117648,0x5ced9dddaa78e3108c90119c905c623084874a54,0x788873efb21a0743dce048a733d7dea756e12145,0.097600,8263984,"7 months ago",8000000,28227000015,0,1
0xb38ae00b237da64ffe0b0992530c92873c0aa8ca8dad692b936579dc8f49c9ca,0x247198207e6e0dfded8d3447652bf306ba99f75a,0x788873efb21a0743dce048a733d7dea756e12145,0.001000,7940663,"7 months ago",8000000,1500000015,0,1
0xc9e2d8b628061dfd1c0320178f746c4d936e63d7c6b6cfaf5bfd06e16740faa8,0xb309098bcb51e5c687a16fa41bd6055f47c9ebb0,0x788873efb21a0743dce048a733d7dea756e12145,0.000500,7781876,"7 months ago",8000000,1940000015,0,1
0x510f8d72f9f4f7270b5aacbee6e1064bb9ab1e1714555baae9b992edcc2ca611,0x6847ae9d08b9d87dbd08374ec6e6cbff1b5c1b99,0x788873efb21a0743dce048a733d7dea756e12145,0.000200,7781856,"7 months ago",8000000,1500000015,0,1
0xd0afcee8a663d059484e181aca07a752f6074ec930b7dad660e48e831b9d415a,0x6847ae9d08b9d87dbd08374ec6e6cbff1b5c1b99,0x788873efb21a0743dce048a733d7dea756e12145,0.000200,7654687,"7 months ago",8000000,1500000015,0,1
0x499988ef0d7fbe3954889558fb8ba816051250ebd84770ad170a0b44f845fee6,0xb309098bcb51e5c687a16fa41bd6055f47c9ebb0,0x788873efb21a0743dce048a733d7dea756e12145,0.000500,7632375,"7 months ago",8000000,1500000015,0,1
0xe08c719d3bcdacd425f269fe7ca44244616936fba6236ab4449c41d203ecc6ed,0xb309098bcb51e5c687a16fa41bd6055f47c9ebb0,0x788873efb21a0743dce048a733d7dea756e12145,0.000000,7632335,"7 months ago",29202,6503500850,0,1
0xa1aad398560d8c609ecc8b3b41240e057f77903f13e9a3f1f62d3f5fe806968c,0xb309098bcb51e5c687a16fa41bd6055f47c9ebb0,0x788873efb21a0743dce048a733d7dea756e12145,0.000000,7632306,"7 months ago",44016,6503500850,0,1
0x116073b5e1ac9b291db70989e73e1090849987f5e69da2ac89d42ce86034daf4,0xb309098bcb51e5c687a16fa41bd6055f47c9ebb0,0x788873efb21a0743dce048a733d7dea756e12145,0.005000,7632154,"7 months ago",8000000,19400000000,0,1
0x97a016b77a12f7fdb577d06a34f053dcba30ade3c0000e51ef616606bd31f15e,0xb309098bcb51e5c687a16fa41bd6055f47c9ebb0,0x788873efb21a0743dce048a733d7dea756e12145,0.000000,7632097,"7 months ago",46043,2549643315,0,1
0x7dafbfafac5a0fc5518aaa9a8ebc225bbab99440c946513aa31d83bba72e2816,0xb309098bcb51e5c687a16fa41bd6055f47c9ebb0,0x788873efb21a0743dce048a733d7dea756e12145,0.000000,7632083,"7 months ago",46302,2793600022,0,1
0x16d5e04d8193684ac22f4ff547209f57b99300d97c51548534f85b2ca7d896b1,0xb309098bcb51e5c687a16fa41bd6055f47c9ebb0,,0.000000,7632028,"7 months ago",1277559,1500000015,0,1
0x802b588eab5f3d165765fd6a8acac03a77c31e5537394b70112d445f74c491d9,0x788873efb21a0743dce048a733d7dea756e12145,0xdc6fa4262d8b3700a43ad20701042c0b26f20596,1.000000@AG,17093511,"3 days ago",,,,
0x8c24bff0cf92f605fe107ec56b25320d9a6022b00ee7d20907f5dc798cb7dbae,0x788873efb21a0743dce048a733d7dea756e12145,0xdc6fa4262d8b3700a43ad20701042c0b26f20596,8.000000@AG,17093094,"3 days ago",,,,
0xf5abc634b00bbc13515c0355d239bf2ca04aeef4f560eac83979b4a7672a8e5e,0x788873efb21a0743dce048a733d7dea756e12145,0xdc6fa4262d8b3700a43ad20701042c0b26f20596,10.000000@AG,17071040,"3 days ago",,,,
0x105b6bb495e383c2ee4d6fa718c2f344921f594c6666f4aaf1adc9f424443436,0x788873efb21a0743dce048a733d7dea756e12145,0xdc6fa4262d8b3700a43ad20701042c0b26f20596,10.000000@AG,17054238,"4 days ago",,,,
0x94fd08f723825c48e6eb6586337ecee521ebd45760a670b01ff9956d97e8acab,0x788873efb21a0743dce048a733d7dea756e12145,0xb48ab55abce2ff9d9070dbfb6a3186d0544c895b,10.000000@AG,17048995,"4 days ago",,,,
0x464fc70f8c86df69d9dff5072e7a16cd2df2e799b65fdbc4b8197b9c1e181752,0x788873efb21a0743dce048a733d7dea756e12145,0xb48ab55abce2ff9d9070dbfb6a3186d0544c895b,10.000000@AG,17027404,"4 days ago",,,,
0x19660b40c6a447d3678b64ddae6a26458d19db9529bacf3088ef37ebbfa1885a,0x788873efb21a0743dce048a733d7dea756e12145,0xb48ab55abce2ff9d9070dbfb6a3186d0544c895b,5.000000@AG,17004512,"5 days ago",,,,
0x2f0627929fcb459ac955c8d76afd78d360a0f0d15150c867ae96938b2e3fb44c,0x788873efb21a0743dce048a733d7dea756e12145,0xb48ab55abce2ff9d9070dbfb6a3186d0544c895b,10.000000@AG,17003984,"5 days ago",,,,
0x1042a0bbf45203f1afb7c86e622955585ff63b784523b48737cf3a5676641238,0x788873efb21a0743dce048a733d7dea756e12145,0xb48ab55abce2ff9d9070dbfb6a3186d0544c895b,10.000000@AG,16985840,"5 days ago",,,,
0xb3a747806754c6a8ac90af389afb15eacea70e3f2cad5c666b862b47263cae00,0x788873efb21a0743dce048a733d7dea756e12145,0xb48ab55abce2ff9d9070dbfb6a3186d0544c895b,10.000000@AG,16980384,"5 days ago",,,,
0x19648b0526fa2c01356135faaba6bf9484d8b41c05aea6cb1d4b59e965a80d75,0x788873efb21a0743dce048a733d7dea756e12145,0xb48ab55abce2ff9d9070dbfb6a3186d0544c895b,10.000000@AG,16979680,"5 days ago",,,,
0x8133dadb954cd647726d21f77ab0622b8ad5dbb7d5de64d8e27de977480c5e64,0x788873efb21a0743dce048a733d7dea756e12145,0xb48ab55abce2ff9d9070dbfb6a3186d0544c895b,10.000000@AG,16979680,"5 days ago",,,,
0x6c1d67a5d301de4ae394fd4bf5c988c4682a81eebc29d7094b0e8c0930b1c3f5,0x788873efb21a0743dce048a733d7dea756e12145,0xb48ab55abce2ff9d9070dbfb6a3186d0544c895b,10.000000@AG,16979680,"5 days ago",,,,
0x18617e2472c7bf000f741c614d759d39c9a81f8a6b6b81dd84708158df5f7de5,0x788873efb21a0743dce048a733d7dea756e12145,0xdc6fa4262d8b3700a43ad20701042c0b26f20596,1.000000@AG,16978465,"5 days ago",,,,
0xde6524d70b576ea6017b71423b4ef1371711d28259bc7a9ccade17f7969d5d76,0x788873efb21a0743dce048a733d7dea756e12145,0xdc6fa4262d8b3700a43ad20701042c0b26f20596,10.000000@AG,16978434,"5 days ago",,,,
0x3e9a0b4f69c57d357b159dc34c22e0db93ad86517d815a3228fb230a9b984944,0x788873efb21a0743dce048a733d7dea756e12145,0xdc6fa4262d8b3700a43ad20701042c0b26f20596,10.000000@AG,16977838,"5 days ago",,,,
0x4ac9e29e3c2e7f754743a5e5b8e0c40f79122a56e1b1a0f6515ee5fa4358a900,0x788873efb21a0743dce048a733d7dea756e12145,0x882bfbd47f165def68ec3d43b1a9b293b6a2a7e3,10.000000@AG,16352433,"3 weeks ago",,,,
0x8bf5f84e1abaacade7bf7203536cba20f9303b3353f5958c43a8d3fd62e464d1,0x788873efb21a0743dce048a733d7dea756e12145,0x8ff060c302eb3182ccebd69287f8b5d34acd6a4f,10.000000@AG,16146496,"3 weeks ago",,,,
0x56591b2ed953ca86de7d69f1d6e8bdd84e9466caedbc41153bfafb3359fabcc0,0x788873efb21a0743dce048a733d7dea756e12145,0x8ff060c302eb3182ccebd69287f8b5d34acd6a4f,10.000000@AG,15660757,"1 month ago",,,,
0x05ee2e9787f251027d6b1dc98b21692d4fd665dcd5da1c2dff7ddca3e761c079,0x788873efb21a0743dce048a733d7dea756e12145,0x8ff060c302eb3182ccebd69287f8b5d34acd6a4f,15.000000@AG,15592463,"1 month ago",,,,
0xb6550b3b304a11ac19e4f421eac66e45dd9b026c9fd12625894bf2b865d9eaca,0x788873efb21a0743dce048a733d7dea756e12145,0xb48ab55abce2ff9d9070dbfb6a3186d0544c895b,10.000000@AG,15033770,"1 month ago",,,,
0xb52e136f84bd7664a52897f1aa4eff7fff129fe0fb3bc9af4d4900155df5b0d7,0x788873efb21a0743dce048a733d7dea756e12145,0xb48ab55abce2ff9d9070dbfb6a3186d0544c895b,10.000000@AG,14912480,"1 month ago",,,,
0x81e2de851442ef01423f93354c6c11c5adeb9790716860d8764891bcc52a6e2e,0x788873efb21a0743dce048a733d7dea756e12145,0xb48ab55abce2ff9d9070dbfb6a3186d0544c895b,10.000000@AG,14912480,"1 month ago",,,,
0x70884a9c2b86c71d3d2fa47f04bbbbf30d7a529e6cd9b188f37dbaa3727ec175,0x788873efb21a0743dce048a733d7dea756e12145,0xb48ab55abce2ff9d9070dbfb6a3186d0544c895b,10.000000@AG,14901975,"1 month ago",,,,
0xcb386671d7f385d72741a92fdf53b001058bd0d26b6ba3f969be226d6a3822f1,0x788873efb21a0743dce048a733d7dea756e12145,0xb48ab55abce2ff9d9070dbfb6a3186d0544c895b,10.000000@AG,14861280,"1 month ago",,,,
0x5119109e95a9b67fadb0022e344dae5731657ec7dbb3982aa7e160ae7ba42487,0x788873efb21a0743dce048a733d7dea756e12145,0xb48ab55abce2ff9d9070dbfb6a3186d0544c895b,10.000000@AG,14861280,"1 month ago",,,,
0x6a3d977ad3e9fdaa172f4e736b5448ff25def9b143952dfd7276d520e6e99e8a,0x788873efb21a0743dce048a733d7dea756e12145,0x16a1fd75f8e1dfe6e897726a020f51c493c9b00c,1.000000@AG,14332250,"2 months ago",,,,
0x27a37b3843c955321a0173d160bf52af13bd25cae8928f8f59c8c7ae80dcb9e0,0x788873efb21a0743dce048a733d7dea756e12145,0xb48ab55abce2ff9d9070dbfb6a3186d0544c895b,10.000000@AG,14189328,"2 months ago",,,,
0xbb882da296e883272c9ac959c8b2638498b22b349e1e49e95a18750cbce8d367,0x788873efb21a0743dce048a733d7dea756e12145,0xdc6fa4262d8b3700a43ad20701042c0b26f20596,100.000000@AG,14184396,"2 months ago",,,,
0xa41d5a43fd376068e48ca1b06937bc4fc6b3f14ed4e1c1c022d2aa9a88ee0838,0x788873efb21a0743dce048a733d7dea756e12145,0xb48ab55abce2ff9d9070dbfb6a3186d0544c895b,10.000000@AG,14184191,"2 months ago",,,,
0xf05b99f77d4de7eaeb5eefa231fa165f23cbbecfc0efd6822bea7e19481bcc41,0x788873efb21a0743dce048a733d7dea756e12145,0xb48ab55abce2ff9d9070dbfb6a3186d0544c895b,10.000000@AG,14183699,"2 months ago",,,,
0xca11cfd84d9ff95e6fd98bf0670cbd616e0285d4a31dee0fc6efc41645382d10,0x788873efb21a0743dce048a733d7dea756e12145,0xb48ab55abce2ff9d9070dbfb6a3186d0544c895b,100.000000@AG,14183591,"2 months ago",,,,
0xd81bdadfac0cdb1e55a4f753b25746fb532f5e4252da33965104ceb498b7e158,0x788873efb21a0743dce048a733d7dea756e12145,0xdc6fa4262d8b3700a43ad20701042c0b26f20596,2.000000@AG,14182599,"2 months ago",,,,
0xcee62eaa5ebbc2353b43b6251eac7dab3391d17b18a397c0831483bc91630a3f,0x788873efb21a0743dce048a733d7dea756e12145,0xdc6fa4262d8b3700a43ad20701042c0b26f20596,1.000000@AG,14182578,"2 months ago",,,,
0x347961c825f3dc04fc216817c84e18d755c1d18c7b3c51c5468edd89777e0bd2,0x788873efb21a0743dce048a733d7dea756e12145,0xdc6fa4262d8b3700a43ad20701042c0b26f20596,1.000000@AG,14182425,"2 months ago",,,,
0x84ee32105a898201b48feb9f527d1007f3ca8ec4518649608379afb367ba7b9e,0x788873efb21a0743dce048a733d7dea756e12145,0xb48ab55abce2ff9d9070dbfb6a3186d0544c895b,10.000000@AG,13728533,"2 months ago",,,,
0x7f35fbbf7972675426651da7c9a5ee80a17b89809bf2a36839aa2a6f2a7d707d,0x788873efb21a0743dce048a733d7dea756e12145,0xb48ab55abce2ff9d9070dbfb6a3186d0544c895b,10.000000@AG,13728506,"2 months ago",,,,
0x18ee12b2897fdcf3765cb791d73b8c37f091df198b71b9de07b091e4df13e1ab,0x788873efb21a0743dce048a733d7dea756e12145,0xb48ab55abce2ff9d9070dbfb6a3186d0544c895b,10.000000@AG,13728506,"2 months ago",,,,
0x47f6931044cfa566e7747044f183885225dfdd3f7b21604493c7eacb19bb96ff,0x788873efb21a0743dce048a733d7dea756e12145,0xb48ab55abce2ff9d9070dbfb6a3186d0544c895b,10.000000@AG,13725232,"2 months ago",,,,
0x7d7044419b59258ddff661d603681ba0e5cb9aeaff9e8649c2afc9775ee71ff5,0x788873efb21a0743dce048a733d7dea756e12145,0xb48ab55abce2ff9d9070dbfb6a3186d0544c895b,10.000000@AG,13686760,"2 months ago",,,,
0x3564d9b74cb2b47d0fce1b62f0f09925091369996c4bad8aa73f1cff47006105,0x788873efb21a0743dce048a733d7dea756e12145,0xb48ab55abce2ff9d9070dbfb6a3186d0544c895b,10.000000@AG,13523147,"3 months ago",,,,
0xa8dbf97010ad72da1219b50a8381284811f2ffb24d63964feaf574df4b63cb00,0x788873efb21a0743dce048a733d7dea756e12145,0xb48ab55abce2ff9d9070dbfb6a3186d0544c895b,10.000000@AG,13523082,"3 months ago",,,,
0x82961fc0154edcb3353689d9c35e111d25e2ba0316edd3ec27372711b266a852,0x788873efb21a0743dce048a733d7dea756e12145,0xb48ab55abce2ff9d9070dbfb6a3186d0544c895b,10.000000@AG,13523056,"3 months ago",,,,
0xab2d8e64cc91babd0a31fa29e2083eacab63646db17a107cadd22843ce22e8c7,0x788873efb21a0743dce048a733d7dea756e12145,0xb48ab55abce2ff9d9070dbfb6a3186d0544c895b,10.000000@AG,13475817,"3 months ago",,,,
0x5b7efff62ddf9dac99bccde3fb9b2fcc24866b8be3a3c9cebb7831f7d1d3a138,0x788873efb21a0743dce048a733d7dea756e12145,0xb48ab55abce2ff9d9070dbfb6a3186d0544c895b,10.000000@AG,13353920,"3 months ago",,,,
0x9e90e5103f5cd90219d9f6643c5e88d3b0729a890af659d101447ce75239ee70,0x788873efb21a0743dce048a733d7dea756e12145,0xb48ab55abce2ff9d9070dbfb6a3186d0544c895b,10.000000@AG,13353469,"3 months ago",,,,
0xcfb2854da4659ff65f8f886dd5a4fac2a952916f97a5bd8753aa70bbab5b2694,0x788873efb21a0743dce048a733d7dea756e12145,0xb48ab55abce2ff9d9070dbfb6a3186d0544c895b,10.000000@AG,13353376,"3 months ago",,,,
0x8d3f1c3920644e38ef5612ffabcc58c64b94922a25f696e0bf862d7ce5db517e,0x788873efb21a0743dce048a733d7dea756e12145,0xb48ab55abce2ff9d9070dbfb6a3186d0544c895b,10.000000@AG,13352648,"3 months ago",,,,
0x1d5d20994acec2229e3bb8ebb856129c0e77f77a4ca77c2667c5be1315c9ce1b,0x788873efb21a0743dce048a733d7dea756e12145,0xb48ab55abce2ff9d9070dbfb6a3186d0544c895b,10.000000@AG,13351876,"3 months ago",,,,
0x9048777b437ea7bb571bc6fee5e1b8db69779d94bf5879ddcf71ea7736f9abae,0x788873efb21a0743dce048a733d7dea756e12145,0xb48ab55abce2ff9d9070dbfb6a3186d0544c895b,10.000000@AG,13350928,"3 months ago",,,,
0x558b9176a2c762cbd9a8291a2b63af960d1fcccc67547ab2f5a3c9d68f716259,0x788873efb21a0743dce048a733d7dea756e12145,0xb48ab55abce2ff9d9070dbfb6a3186d0544c895b,10.000000@AG,13324412,"3 months ago",,,,
0x8adcff2549c93a11f43bb2a5af3b1a571815673f84ee84c8195a790beddb12c4,0x788873efb21a0743dce048a733d7dea756e12145,0xb48ab55abce2ff9d9070dbfb6a3186d0544c895b,10.000000@AG,13324209,"3 months ago",,,,
0xad6256f8ad5c8c0bad1593af5acf7657d2801f066e73af217b21eaffe9167ab1,0x788873efb21a0743dce048a733d7dea756e12145,0xb48ab55abce2ff9d9070dbfb6a3186d0544c895b,10.000000@AG,13321711,"3 months ago",,,,
0x9d3c633a3dea00fa21eb58ff17e866ddfd6285f9e5e6990c9c8ef5087f7b141c,0x788873efb21a0743dce048a733d7dea756e12145,0xb48ab55abce2ff9d9070dbfb6a3186d0544c895b,10.000000@AG,13317429,"3 months ago",,,,
0xfae3d2c3fca96cd21453df7b651395cf82890a29dbc64c59ade7bba011f556f1,0x788873efb21a0743dce048a733d7dea756e12145,0x8ff060c302eb3182ccebd69287f8b5d34acd6a4f,5.000000@AG,13314296,"3 months ago",,,,
0x15a1c387ca3a2e0a8943a230f4bc22d6d3c6f7966dcdf5262c8095bea6000fbf,0x788873efb21a0743dce048a733d7dea756e12145,0x8ff060c302eb3182ccebd69287f8b5d34acd6a4f,5.000000@AG,13314240,"3 months ago",,,,
0xd0f30d77f9fee0be4540f1a22091821b262f3b97cde6a0cade1c8ccf79d16b5d,0x788873efb21a0743dce048a733d7dea756e12145,0x323adf0c08b7052ca0c1617da6a0af40deab39af,2.000000@AG,13285349,"3 months ago",,,,
0x51d448dacd2984395852fbacbb708583585048e78723b01795d9afc192dec477,0x788873efb21a0743dce048a733d7dea756e12145,0x8ff060c302eb3182ccebd69287f8b5d34acd6a4f,5.000000@AG,13275399,"3 months ago",,,,
0x6f5a23ea434e8d49921eaa5723d434950eb7677de97741548ee018baf0a71b84,0x788873efb21a0743dce048a733d7dea756e12145,0x323adf0c08b7052ca0c1617da6a0af40deab39af,5.000000@AG,13275293,"3 months ago",,,,
0xbaf6e7e97c5b7b744ca1e646385d4547b3f8ff2fe87a072cd41829da751ec365,0x788873efb21a0743dce048a733d7dea756e12145,0x8ff060c302eb3182ccebd69287f8b5d34acd6a4f,1.000000@AG,13238785,"3 months ago",,,,
0x8a187882f014f226f93c88ce443a053008d54037e3a0066eacd523918788d2aa,0x788873efb21a0743dce048a733d7dea756e12145,0xb48ab55abce2ff9d9070dbfb6a3186d0544c895b,10.000000@AG,13236866,"3 months ago",,,,
0xd9fb428a26aa64785fb66ec3096691ba23e3d9c1e68bfbb3ccab278d36d4299c,0x788873efb21a0743dce048a733d7dea756e12145,0xb48ab55abce2ff9d9070dbfb6a3186d0544c895b,10.000000@AG,13236741,"3 months ago",,,,
0x8ec6f61a5bd9d964dcdf6a110418006844f32e6711ad850edcd75264e2ce9519,0x788873efb21a0743dce048a733d7dea756e12145,0x323adf0c08b7052ca0c1617da6a0af40deab39af,5.000000@AG,13233106,"3 months ago",,,,
0x43e0009e80748b93b2922e4e090edd067a595ef4fd88617c57ce21b51a84a00e,0x788873efb21a0743dce048a733d7dea756e12145,0xb48ab55abce2ff9d9070dbfb6a3186d0544c895b,10.000000@AG,13200384,"3 months ago",,,,
0x5dacedd6ccc2d56e3f5ff08eeb870b86e60abc5fc3ebc4349e36c1a4bf470a11,0x788873efb21a0743dce048a733d7dea756e12145,0xb48ab55abce2ff9d9070dbfb6a3186d0544c895b,10.000000@AG,13200193,"3 months ago",,,,
0xf5a26db3610dfe3321cea8cb470ed8f3c6d892555e20d57d26c87266ea4f102d,0x788873efb21a0743dce048a733d7dea756e12145,0xb48ab55abce2ff9d9070dbfb6a3186d0544c895b,10.000000@AG,13048568,"3 months ago",,,,
0x2775f3c5414381fd0074003c58ee854269242b4429d854d19d144ffb2e0cf3d9,0x788873efb21a0743dce048a733d7dea756e12145,0xb48ab55abce2ff9d9070dbfb6a3186d0544c895b,10.000000@AG,13048313,"3 months ago",,,,
0x246172a16de8aac9f2f56642a7edc63363a0a0a4e7acd22a1a1d6088fafe3fdf,0x788873efb21a0743dce048a733d7dea756e12145,0xb48ab55abce2ff9d9070dbfb6a3186d0544c895b,10.000000@AG,12902480,"3 months ago",,,,
0xe742d136ec8077e4e9d1d0fa94ce3d0d71dbd7a9a1c6aa4d226598ee943e4f47,0x788873efb21a0743dce048a733d7dea756e12145,0xb48ab55abce2ff9d9070dbfb6a3186d0544c895b,10.000000@AG,12896198,"3 months ago",,,,
0x54e42fa61fed93f95d06876ed08e0c8a909a71fe8cb53cbf92234e249c6dd2a4,0x788873efb21a0743dce048a733d7dea756e12145,0xb48ab55abce2ff9d9070dbfb6a3186d0544c895b,10.000000@AG,12889422,"3 months ago",,,,
0xec28cb7b4cde00c7ffbbbc2dcd7630e75b2f859dfd3a46b9f3bd805e57b9430e,0x788873efb21a0743dce048a733d7dea756e12145,0xb48ab55abce2ff9d9070dbfb6a3186d0544c895b,10.000000@AG,12731444,"3 months ago",,,,
0x0b3f362eb06e3f04e4c5094638a0da3d92ae42f8984dead42afcd8a0c94c89bb,0x788873efb21a0743dce048a733d7dea756e12145,0xb48ab55abce2ff9d9070dbfb6a3186d0544c895b,2.000000@AG,12731393,"3 months ago",,,,
0x509d23924f3d7597606781732def06849f392fe32bd5f277ce6ff6c1007796f9,0x788873efb21a0743dce048a733d7dea756e12145,0xdc6fa4262d8b3700a43ad20701042c0b26f20596,10.000000@AG,12731239,"3 months ago",,,,
0x983e25ec561e51be7d7a8bec158d6fb77f54869360fe2132e37c6bc2551b4937,0x788873efb21a0743dce048a733d7dea756e12145,0xdc6fa4262d8b3700a43ad20701042c0b26f20596,2.000000@AG,12731147,"3 months ago",,,,
0xf48da04f0247856488fcdffdb6b02c4ccdb15f0cb429cd86e0cea99d400ea603,0x788873efb21a0743dce048a733d7dea756e12145,0xdc6fa4262d8b3700a43ad20701042c0b26f20596,2.000000@AG,12730859,"3 months ago",,,,
0x8ff1e89128b773a75ce2d2a611118348fa5e0d152ea2fd680640c86ef97ff958,0x788873efb21a0743dce048a733d7dea756e12145,0xdc6fa4262d8b3700a43ad20701042c0b26f20596,1.000000@AG,12730817,"3 months ago",,,,
0x536a255516be3dce5a8e9fddc34dcdd9d28b6c4d00536d1fd1389b9815b1ff95,0x788873efb21a0743dce048a733d7dea756e12145,0xdc6fa4262d8b3700a43ad20701042c0b26f20596,2.000000@AG,12685346,"3 months ago",,,,
0x65740654c793e2dc538915164f75c91ce04e6a5fc41b4f8dcfddffbc1b6b261e,0x788873efb21a0743dce048a733d7dea756e12145,0xdc6fa4262d8b3700a43ad20701042c0b26f20596,2.000000@AG,12680657,"3 months ago",,,,
0x3ce70a07c9b2cabad9d8f22bd3530a3173ce4203fad9249b3deed38ac60a83b6,0x788873efb21a0743dce048a733d7dea756e12145,0xdc6fa4262d8b3700a43ad20701042c0b26f20596,1.000000@AG,12680580,"3 months ago",,,,
0x95f406c2ab9a1d6e1207ef78afad17d7ddd9e3c3b6468aa0eeaad233f0a1df42,0x788873efb21a0743dce048a733d7dea756e12145,0xdc6fa4262d8b3700a43ad20701042c0b26f20596,1.000000@AG,12680498,"3 months ago",,,,
0x4ed2ec3bfc8925e2a737442ff1b63268790dd19365610fd382fd8c4ef5b31f17,0x788873efb21a0743dce048a733d7dea756e12145,0xdc6fa4262d8b3700a43ad20701042c0b26f20596,1.000000@AG,12680463,"3 months ago",,,,
0x92e2347f95449df0c36c5c5eb6771886b8ef4741c036ba6c365b4cab799d7973,0x788873efb21a0743dce048a733d7dea756e12145,0x56584916ef0adeb401e291af33a8344e5dc199f5,15.000000@AG,12303257,"4 months ago",,,,
0x2f903575f830f661a98b6a8ddbfe3c64b2c5f12bf80b4c112c3c9f78f86b5e88,0x788873efb21a0743dce048a733d7dea756e12145,0xdc6fa4262d8b3700a43ad20701042c0b26f20596,1.000000@AG,9929524,"5 months ago",,,,
0x589e200296bd81ea1d636dd8fdd41ff3c9c91f17d04dc3b95684708e9bb4b8b7,0x788873efb21a0743dce048a733d7dea756e12145,0xdc6fa4262d8b3700a43ad20701042c0b26f20596,1.000000@AG,9929289,"5 months ago",,,,
0xc79877570e6a1995dc7cbe58b67871849ed62b07961b3c1430e30f276c45c0e3,0x788873efb21a0743dce048a733d7dea756e12145,0xdc6fa4262d8b3700a43ad20701042c0b26f20596,1.000000@AG,9928576,"5 months ago",,,,
0xfebee9eb831a61e9b9b3e934c80449a598b7122cf49070318369136c6affe52e,0x788873efb21a0743dce048a733d7dea756e12145,0xdc6fa4262d8b3700a43ad20701042c0b26f20596,1.000000@AG,9927671,"5 months ago",,,,
0x4a4d003b669a14fa373d0ccdeb6f325492a88c12feee65976786a016d5b9332b,0x788873efb21a0743dce048a733d7dea756e12145,0xdc6fa4262d8b3700a43ad20701042c0b26f20596,1.000000@AG,9927632,"5 months ago",,,,
0xd63e98dab5bddad461ab52a0867907030094987c6d683120b9a0ad8568d18f20,0x788873efb21a0743dce048a733d7dea756e12145,0xdc6fa4262d8b3700a43ad20701042c0b26f20596,2.000000@AG,9920795,"5 months ago",,,,
0xb20c5455ba91e03d5366d6d679d28549f609e9acd6658557d3ab1a52667fb596,0x788873efb21a0743dce048a733d7dea756e12145,0xdc6fa4262d8b3700a43ad20701042c0b26f20596,2.000000@AG,9920659,"5 months ago",,,,
0x46791caa7769223f192f2d6531d73bbd35803fa166e215e771f94beb42e41c45,0x788873efb21a0743dce048a733d7dea756e12145,0xdc6fa4262d8b3700a43ad20701042c0b26f20596,4.000000@AG,9920637,"5 months ago",,,,
0x2caef7e3cbec66d2c415d8678cd7d738483ba597162557f325dc51753184750a,0x788873efb21a0743dce048a733d7dea756e12145,0xdc6fa4262d8b3700a43ad20701042c0b26f20596,1.000000@AG,9879172,"5 months ago",,,,
0x8f245865abd3987b6004df916a2f488bc861622e3990f3384d6a6b12eb2c1f87,0x788873efb21a0743dce048a733d7dea756e12145,0xdc6fa4262d8b3700a43ad20701042c0b26f20596,1.000000@AG,9879017,"5 months ago",,,,
0xd041585a01fc3988730d61071a938b453af73af13a4193d3338b5df811e4fff1,0x788873efb21a0743dce048a733d7dea756e12145,0x3006c7ca7cb3262a3d89ffa1a0f8bb28f0e28800,10.000000@AG,9351578,"6 months ago",,,,
0xb604bc74a5d25f4ab660d61e0813518b9bb39300fb2d109da1c393cff14c766a,0x54d8e8944a2c0e08330aad41582927bf8d4a26d9,0x788873efb21a0743dce048a733d7dea756e12145,10000000.000000SLRS,8936641,"6 months ago",,,,
0x61a5ece7bc818ac65c6fe97307861a1654d09fb4b06011fecd6feed7d071398d,0x5ced9dddaa78e3108c90119c905c623084874a54,0x788873efb21a0743dce048a733d7dea756e12145,976.000000@AG,8679410,"6 months ago",,,,
0xc8d5c12cf8f5ddf570ef5989286da9694dbe58e5271aea0fa8e5c3f82e117648,0x788873efb21a0743dce048a733d7dea756e12145,0x5ced9dddaa78e3108c90119c905c623084874a54,976.000000@AG,8263984,"7 months ago",,,,
0xb38ae00b237da64ffe0b0992530c92873c0aa8ca8dad692b936579dc8f49c9ca,0x788873efb21a0743dce048a733d7dea756e12145,0x247198207e6e0dfded8d3447652bf306ba99f75a,10.000000@AG,7940663,"7 months ago",,,,
0xc9e2d8b628061dfd1c0320178f746c4d936e63d7c6b6cfaf5bfd06e16740faa8,0x788873efb21a0743dce048a733d7dea756e12145,0xb309098bcb51e5c687a16fa41bd6055f47c9ebb0,5.000000@AG,7781876,"7 months ago",,,,
0x510f8d72f9f4f7270b5aacbee6e1064bb9ab1e1714555baae9b992edcc2ca611,0x788873efb21a0743dce048a733d7dea756e12145,0x6847ae9d08b9d87dbd08374ec6e6cbff1b5c1b99,2.000000@AG,7781856,"7 months ago",,,,
0xd0afcee8a663d059484e181aca07a752f6074ec930b7dad660e48e831b9d415a,0x788873efb21a0743dce048a733d7dea756e12145,0x6847ae9d08b9d87dbd08374ec6e6cbff1b5c1b99,2.000000@AG,7654687,"7 months ago",,,,
0x499988ef0d7fbe3954889558fb8ba816051250ebd84770ad170a0b44f845fee6,0x788873efb21a0743dce048a733d7dea756e12145,0xb309098bcb51e5c687a16fa41bd6055f47c9ebb0,5.000000@AG,7632375,"7 months ago",,,,
0xe2eb75c557511ed5bdd178756aa67f5bff507a6a1f4891fad0aaf0a2c0202781,0xb309098bcb51e5c687a16fa41bd6055f47c9ebb0,0x788873efb21a0743dce048a733d7dea756e12145,1000.000000@AG,7632357,"7 months ago",,,,
0xa1aad398560d8c609ecc8b3b41240e057f77903f13e9a3f1f62d3f5fe806968c,0x788873efb21a0743dce048a733d7dea756e12145,0xb309098bcb51e5c687a16fa41bd6055f47c9ebb0,450.000000@TBC,7632306,"7 months ago",,,,
0x116073b5e1ac9b291db70989e73e1090849987f5e69da2ac89d42ce86034daf4,0x788873efb21a0743dce048a733d7dea756e12145,0xb309098bcb51e5c687a16fa41bd6055f47c9ebb0,50.000000@TBC,7632154,"7 months ago",,,,
0xc55e4795d163900b66e8c3104046515e3f1b898d55f314caaf5795202dd9bb3f,0xb309098bcb51e5c687a16fa41bd6055f47c9ebb0,0x788873efb21a0743dce048a733d7dea756e12145,500.000000@TBC,7632133,"7 months ago",,,,
